-- =============================================
-- 测试数据生成脚本 (约100条)
-- OMS + WMS + Product 模块
-- =============================================

-- 1. 产品分类数据 (10条)
INSERT INTO prd_category (category_id, parent_id, ancestors, category_name, category_code, order_num, status, create_by) VALUES
(1, 0, '0', '电子产品', 'ELEC', 1, '0', 'admin'),
(2, 0, '0', '家居用品', 'HOME', 2, '0', 'admin'),
(3, 0, '0', '食品饮料', 'FOOD', 3, '0', 'admin'),
(4, 1, '0,1', '手机配件', 'PHONE', 1, '0', 'admin'),
(5, 1, '0,1', '电脑配件', 'PC', 2, '0', 'admin'),
(6, 2, '0,2', '厨房用品', 'KITCHEN', 1, '0', 'admin'),
(7, 2, '0,2', '卧室用品', 'BEDROOM', 2, '0', 'admin'),
(8, 3, '0,3', '零食', 'SNACK', 1, '0', 'admin'),
(9, 3, '0,3', '饮料', 'DRINK', 2, '0', 'admin'),
(10, 1, '0,1', '智能设备', 'SMART', 3, '0', 'admin');

-- 2. 品牌数据 (8条)
INSERT INTO prd_brand (brand_id, brand_name, brand_code, status, create_by) VALUES
(1, '华为', 'HUAWEI', '0', 'admin'),
(2, '小米', 'XIAOMI', '0', 'admin'),
(3, '苹果', 'APPLE', '0', 'admin'),
(4, '三星', 'SAMSUNG', '0', 'admin'),
(5, '联想', 'LENOVO', '0', 'admin'),
(6, '戴尔', 'DELL', '0', 'admin'),
(7, '索尼', 'SONY', '0', 'admin'),
(8, '松下', 'PANASONIC', '0', 'admin');

-- 3. 供应商数据 (6条)
INSERT INTO prd_supplier (supplier_id, supplier_name, supplier_code, contact_person, contact_phone, address, status, create_by) VALUES
(1, '深圳华强电子', 'SZHQ001', '张经理', '13800138001', '深圳市福田区华强北路', '0', 'admin'),
(2, '上海电子科技', 'SHDZ002', '李经理', '13800138002', '上海市浦东新区张江高科', '0', 'admin'),
(3, '北京智能设备', 'BJZN003', '王经理', '13800138003', '北京市海淀区中关村', '0', 'admin'),
(4, '广州家居批发', 'GZJJ004', '赵经理', '13800138004', '广州市天河区珠江新城', '0', 'admin'),
(5, '杭州食品供应', 'HZSP005', '刘经理', '13800138005', '杭州市余杭区仓前街道', '0', 'admin'),
(6, '成都电子商贸', 'CDDZ006', '陈经理', '13800138006', '成都市高新区天府大道', '0', 'admin');

-- 4. 产品数据 (20条)
INSERT INTO prd_product (product_id, product_code, product_name, category_id, brand_id, supplier_id, specification, unit, standard_price, cost_price, warning_stock, status, create_by) VALUES
(1, 'P001', '华为Mate60 Pro手机壳', 4, 1, 1, '硅胶材质', '个', 59.00, 35.00, 50, '0', 'admin'),
(2, 'P002', '小米13充电器', 4, 2, 1, '67W快充', '个', 99.00, 60.00, 30, '0', 'admin'),
(3, 'P003', '苹果AirPods Pro', 4, 3, 2, '主动降噪', '副', 1899.00, 1200.00, 20, '0', 'admin'),
(4, 'P004', '三星Type-C数据线', 4, 4, 1, '1.5米', '根', 39.00, 20.00, 100, '0', 'admin'),
(5, 'P005', '联想ThinkPad鼠标', 5, 5, 3, '无线蓝牙', '个', 129.00, 80.00, 40, '0', 'admin'),
(6, 'P006', '戴尔显示器支架', 5, 6, 3, '可调节高度', '个', 199.00, 120.00, 25, '0', 'admin'),
(7, 'P007', '索尼降噪耳机', 10, 7, 2, 'WH-1000XM5', '副', 2399.00, 1600.00, 15, '0', 'admin'),
(8, 'P008', '松下电动牙刷', 7, 8, 4, '声波震动', '支', 299.00, 180.00, 35, '0', 'admin'),
(9, 'P009', '不锈钢保温杯', 6, 8, 4, '500ml', '个', 89.00, 50.00, 60, '0', 'admin'),
(10, 'P010', '硅胶厨房手套', 6, 8, 4, '防烫隔热', '双', 29.00, 15.00, 80, '0', 'admin'),
(11, 'P011', '记忆棉枕头', 7, 8, 4, '慢回弹', '个', 159.00, 90.00, 30, '0', 'admin'),
(12, 'P012', '四件套床品', 7, 8, 4, '纯棉', '套', 299.00, 180.00, 20, '0', 'admin'),
(13, 'P013', '坚果礼盒', 8, 8, 5, '混合装500g', '盒', 68.00, 40.00, 50, '0', 'admin'),
(14, 'P014', '进口巧克力', 8, 8, 5, '黑巧克力200g', '盒', 89.00, 55.00, 40, '0', 'admin'),
(15, 'P015', '矿泉水', 9, 8, 5, '550ml*24瓶', '箱', 35.00, 22.00, 100, '0', 'admin'),
(16, 'P016', '功能饮料', 9, 8, 5, '500ml*15瓶', '箱', 75.00, 48.00, 60, '0', 'admin'),
(17, 'P017', '智能手环', 10, 2, 3, '心率监测', '个', 199.00, 120.00, 45, '0', 'admin'),
(18, 'P018', '蓝牙音箱', 10, 7, 2, '便携式', '个', 299.00, 180.00, 35, '0', 'admin'),
(19, 'P019', '无线充电器', 4, 2, 1, '15W快充', '个', 79.00, 45.00, 55, '0', 'admin'),
(20, 'P020', '手机支架', 4, 2, 1, '桌面折叠', '个', 39.00, 20.00, 70, '0', 'admin');


-- 5. 客户数据 (10条)
INSERT INTO oms_customer (customer_id, customer_code, customer_name, customer_type, contact_person, contact_phone, address, credit_limit, status, create_by) VALUES
(1, 'C001', '华东工业设备有限公司', '1', '张总', '13900139001', '上海市浦东新区世纪大道1000号', 500000.00, '0', 'admin'),
(2, 'C002', '星河电子科技', '1', '李经理', '13900139002', '深圳市南山区科技园', 300000.00, '0', 'admin'),
(3, 'C003', '嘉盛供应链', '1', '王总监', '13900139003', '广州市天河区珠江新城', 800000.00, '0', 'admin'),
(4, 'C004', '卓越零售', '1', '赵经理', '13900139004', '北京市朝阳区CBD', 200000.00, '0', 'admin'),
(5, 'C005', '天成贸易', '1', '刘总', '13900139005', '杭州市滨江区网商路', 400000.00, '0', 'admin'),
(6, 'C006', '鼎盛商贸', '1', '陈经理', '13900139006', '成都市高新区天府大道', 350000.00, '0', 'admin'),
(7, 'C007', '宏图电子', '1', '周总', '13900139007', '武汉市光谷软件园', 250000.00, '0', 'admin'),
(8, 'C008', '联创科技', '1', '吴经理', '13900139008', '南京市江宁区科学园', 300000.00, '0', 'admin'),
(9, 'C009', '盛世商业', '1', '郑总', '13900139009', '西安市高新区科技路', 280000.00, '0', 'admin'),
(10, 'C010', '远大贸易', '1', '孙经理', '13900139010', '重庆市渝北区金开大道', 320000.00, '0', 'admin');


-- 6. 仓库数据 (5条)
INSERT INTO wms_warehouse (warehouse_id, warehouse_code, warehouse_name, address, status, create_by) VALUES
(1, 'WH001', '上海一号仓', '上海市浦东新区外高桥保税区', '0', 'admin'),
(2, 'WH002', '杭州成品仓', '杭州市余杭区仓前街道', '0', 'admin'),
(3, 'WH003', '苏州中转仓', '苏州市工业园区星湖街', '0', 'admin'),
(4, 'WH004', '深圳物流仓', '深圳市宝安区福永街道', '0', 'admin'),
(5, 'WH005', '北京配送中心', '北京市大兴区亦庄经济开发区', '0', 'admin');


-- 7. 库存数据 (20条)
INSERT INTO wms_inventory (product_id, warehouse_id, quantity, locked_quantity, available_quantity, create_by) VALUES
(1, 1, 500, 50, 450, 'admin'),
(2, 1, 300, 30, 270, 'admin'),
(3, 2, 150, 20, 130, 'admin'),
(4, 1, 800, 100, 700, 'admin'),
(5, 3, 400, 40, 360, 'admin'),
(6, 3, 250, 25, 225, 'admin'),
(7, 2, 120, 15, 105, 'admin'),
(8, 4, 350, 35, 315, 'admin'),
(9, 1, 600, 60, 540, 'admin'),
(10, 4, 750, 80, 670, 'admin'),
(11, 2, 280, 30, 250, 'admin'),
(12, 3, 180, 20, 160, 'admin'),
(13, 5, 480, 50, 430, 'admin'),
(14, 5, 380, 40, 340, 'admin'),
(15, 1, 900, 100, 800, 'admin'),
(16, 2, 550, 60, 490, 'admin'),
(17, 3, 420, 45, 375, 'admin'),
(18, 4, 320, 35, 285, 'admin'),
(19, 1, 520, 55, 465, 'admin'),
(20, 2, 680, 70, 610, 'admin');


-- 8. 订单数据 (15条)
INSERT INTO oms_order (order_id, order_no, customer_id, order_date, delivery_date, total_amount, discount_amount, final_amount, order_status, sales_user_id, create_by) VALUES
(1, 'SO20260317001', 1, '2026-03-17', '2026-03-20', 18600.00, 0.00, 18600.00, 'CREATED', 1, 'admin'),
(2, 'SO20260317002', 2, '2026-03-17', '2026-03-21', 9420.00, 420.00, 9000.00, 'SALES_CONFIRMED', 1, 'admin'),
(3, 'SO20260317003', 3, '2026-03-17', '2026-03-22', 26800.00, 800.00, 26000.00, 'AUDITED', 2, 'admin'),
(4, 'SO20260317004', 4, '2026-03-17', '2026-03-19', 6580.00, 0.00, 6580.00, 'WAREHOUSE_CONFIRMED', 2, 'admin'),
(5, 'SO20260318001', 5, '2026-03-18', '2026-03-23', 15200.00, 200.00, 15000.00, 'OUT_REGISTERED', 1, 'admin'),
(6, 'SO20260318002', 6, '2026-03-18', '2026-03-24', 12300.00, 300.00, 12000.00, 'SHIPPED', 2, 'admin'),
(7, 'SO20260318003', 7, '2026-03-18', '2026-03-25', 8900.00, 0.00, 8900.00, 'RECEIVED', 1, 'admin'),
(8, 'SO20260319001', 8, '2026-03-19', '2026-03-26', 22500.00, 500.00, 22000.00, 'CREATED', 2, 'admin'),
(9, 'SO20260319002', 9, '2026-03-19', '2026-03-27', 17800.00, 0.00, 17800.00, 'SALES_CONFIRMED', 1, 'admin'),
(10, 'SO20260319003', 10, '2026-03-19', '2026-03-28', 13600.00, 600.00, 13000.00, 'AUDITED', 2, 'admin'),
(11, 'SO20260320001', 1, '2026-03-20', '2026-03-29', 19200.00, 0.00, 19200.00, 'WAREHOUSE_CONFIRMED', 1, 'admin'),
(12, 'SO20260320002', 3, '2026-03-20', '2026-03-30', 24500.00, 500.00, 24000.00, 'OUT_REGISTERED', 2, 'admin'),
(13, 'SO20260320003', 5, '2026-03-20', '2026-03-31', 11800.00, 0.00, 11800.00, 'SHIPPED', 1, 'admin'),
(14, 'SO20260321001', 7, '2026-03-21', '2026-04-01', 16400.00, 400.00, 16000.00, 'CREATED', 2, 'admin'),
(15, 'SO20260321002', 9, '2026-03-21', '2026-04-02', 20100.00, 100.00, 20000.00, 'SALES_CONFIRMED', 1, 'admin');


-- 9. 订单明细数据 (30条)
INSERT INTO oms_order_item (order_id, product_id, product_code, product_name, specification, unit, quantity, unit_price, total_price) VALUES
(1, 1, 'P001', '华为Mate60 Pro手机壳', '硅胶材质', '个', 100, 59.00, 5900.00),
(1, 2, 'P002', '小米13充电器', '67W快充', '个', 50, 99.00, 4950.00),
(1, 7, 'P007', '索尼降噪耳机', 'WH-1000XM5', '副', 3, 2399.00, 7197.00),
(2, 5, 'P005', '联想ThinkPad鼠标', '无线蓝牙', '个', 30, 129.00, 3870.00),
(2, 6, 'P006', '戴尔显示器支架', '可调节高度', '个', 20, 199.00, 3980.00),
(3, 3, 'P003', '苹果AirPods Pro', '主动降噪', '副', 10, 1899.00, 18990.00),
(3, 18, 'P018', '蓝牙音箱', '便携式', '个', 25, 299.00, 7475.00),
(4, 4, 'P004', '三星Type-C数据线', '1.5米', '根', 80, 39.00, 3120.00),
(4, 19, 'P019', '无线充电器', '15W快充', '个', 40, 79.00, 3160.00),
(5, 8, 'P008', '松下电动牙刷', '声波震动', '支', 50, 299.00, 14950.00);

INSERT INTO oms_order_item (order_id, product_id, product_code, product_name, specification, unit, quantity, unit_price, total_price) VALUES
(6, 9, 'P009', '不锈钢保温杯', '500ml', '个', 60, 89.00, 5340.00),
(6, 10, 'P010', '硅胶厨房手套', '防烫隔热', '双', 80, 29.00, 2320.00),
(7, 11, 'P011', '记忆棉枕头', '慢回弹', '个', 30, 159.00, 4770.00),
(7, 12, 'P012', '四件套床品', '纯棉', '套', 15, 299.00, 4485.00),
(8, 13, 'P013', '坚果礼盒', '混合装500g', '盒', 100, 68.00, 6800.00),
(8, 14, 'P014', '进口巧克力', '黑巧克力200g', '盒', 80, 89.00, 7120.00),
(9, 15, 'P015', '矿泉水', '550ml*24瓶', '箱', 150, 35.00, 5250.00),
(9, 16, 'P016', '功能饮料', '500ml*15瓶', '箱', 90, 75.00, 6750.00),
(10, 17, 'P017', '智能手环', '心率监测', '个', 40, 199.00, 7960.00),
(10, 20, 'P020', '手机支架', '桌面折叠', '个', 70, 39.00, 2730.00);

-- 10. 出入库单据数据 (10条)
INSERT INTO wms_stock_bill (bill_id, bill_no, bill_type, warehouse_id, source_no, bill_status, total_quantity, create_by) VALUES
(1, 'RK20260317001', 'IN', 1, 'PO20260316008', 'PENDING', 150, 'admin'),
(2, 'CK20260317003', 'OUT', 2, 'SO20260317002', 'PICKING', 70, 'admin'),
(3, 'DB20260317002', 'TRANSFER', 3, 'TR20260317001', 'CHECKING', 100, 'admin'),
(4, 'CK20260317005', 'OUT', 1, 'RT20260316004', 'COMPLETED', 50, 'admin'),
(5, 'RK20260318001', 'IN', 4, 'PO20260317010', 'PENDING', 200, 'admin'),
(6, 'CK20260318002', 'OUT', 5, 'SO20260318001', 'PICKING', 80, 'admin'),
(7, 'RK20260319001', 'IN', 2, 'PO20260318015', 'COMPLETED', 120, 'admin'),
(8, 'CK20260319002', 'OUT', 3, 'SO20260319001', 'SHIPPED', 90, 'admin'),
(9, 'DB20260320001', 'TRANSFER', 1, 'TR20260320001', 'PENDING', 60, 'admin'),
(10, 'RK20260320002', 'IN', 5, 'PO20260319020', 'CHECKING', 180, 'admin');

-- 测试数据生成完成
-- 总计约100条数据
