-- =============================================
-- 测试数据生成脚本
-- PostgreSQL
-- =============================================

-- =============================================
-- 1. 产品档案模块测试数据 (20条)
-- =============================================

-- 1.1 产品分类 (20条)
INSERT INTO prd_category (parent_id, ancestors, category_name, category_code, order_num, status, create_by) VALUES
(0, '0', '电子产品', 'ELEC', 1, '0', 'admin'),
(0, '0', '家居用品', 'HOME', 2, '0', 'admin'),
(0, '0', '食品饮料', 'FOOD', 3, '0', 'admin'),
(0, '0', '服装鞋帽', 'CLOTH', 4, '0', 'admin'),
(1, '0,1', '手机通讯', 'ELEC-PHONE', 1, '0', 'admin'),
(1, '0,1', '电脑办公', 'ELEC-PC', 2, '0', 'admin'),
(1, '0,1', '数码配件', 'ELEC-ACC', 3, '0', 'admin'),
(2, '0,2', '家具', 'HOME-FURN', 1, '0', 'admin'),
(2, '0,2', '厨具', 'HOME-KITCH', 2, '0', 'admin'),
(2, '0,2', '家纺', 'HOME-TEXT', 3, '0', 'admin'),
(3, '0,3', '休闲食品', 'FOOD-SNACK', 1, '0', 'admin'),
(3, '0,3', '饮料冲调', 'FOOD-DRINK', 2, '0', 'admin'),
(3, '0,3', '粮油调味', 'FOOD-OIL', 3, '0', 'admin'),
(4, '0,4', '男装', 'CLOTH-MEN', 1, '0', 'admin'),
(4, '0,4', '女装', 'CLOTH-WOMEN', 2, '0', 'admin'),
(4, '0,4', '运动鞋', 'CLOTH-SPORT', 3, '0', 'admin'),
(5, '0,1,5', '智能手机', 'PHONE-SMART', 1, '0', 'admin'),
(6, '0,1,6', '笔记本电脑', 'PC-LAPTOP', 1, '0', 'admin'),
(6, '0,1,6', '台式电脑', 'PC-DESKTOP', 2, '0', 'admin'),
(7, '0,1,7', '耳机音响', 'ACC-AUDIO', 1, '0', 'admin');

-- 1.2 品牌 (20条)
INSERT INTO prd_brand (brand_name, brand_code, status, create_by) VALUES
('苹果', 'APPLE', '0', 'admin'),
('华为', 'HUAWEI', '0', 'admin'),
('小米', 'XIAOMI', '0', 'admin'),
('三星', 'SAMSUNG', '0', 'admin'),
('联想', 'LENOVO', '0', 'admin'),
('戴尔', 'DELL', '0', 'admin'),
('惠普', 'HP', '0', 'admin'),
('索尼', 'SONY', '0', 'admin'),
('海尔', 'HAIER', '0', 'admin'),
('美的', 'MIDEA', '0', 'admin'),
('格力', 'GREE', '0', 'admin'),
('耐克', 'NIKE', '0', 'admin'),
('阿迪达斯', 'ADIDAS', '0', 'admin'),
('优衣库', 'UNIQLO', '0', 'admin'),
('可口可乐', 'COCACOLA', '0', 'admin'),
('百事可乐', 'PEPSI', '0', 'admin'),
('蒙牛', 'MENGNIU', '0', 'admin'),
('伊利', 'YILI', '0', 'admin'),
('康师傅', 'TINGYI', '0', 'admin'),
('统一', 'UNI', '0', 'admin');

-- 1.3 供应商 (20条)
INSERT INTO prd_supplier (supplier_name, supplier_code, contact_person, contact_phone, contact_email, address, status, create_by) VALUES
('深圳电子科技有限公司', 'SUP001', '张三', '13800138001', 'zhangsan@example.com', '深圳市南山区科技园', '0', 'admin'),
('北京数码批发中心', 'SUP002', '李四', '13800138002', 'lisi@example.com', '北京市海淀区中关村', '0', 'admin'),
('上海家居用品公司', 'SUP003', '王五', '13800138003', 'wangwu@example.com', '上海市浦东新区', '0', 'admin'),
('广州食品贸易公司', 'SUP004', '赵六', '13800138004', 'zhaoliu@example.com', '广州市天河区', '0', 'admin'),
('杭州服装批发市场', 'SUP005', '钱七', '13800138005', 'qianqi@example.com', '杭州市西湖区', '0', 'admin'),
('成都电器供应商', 'SUP006', '孙八', '13800138006', 'sunba@example.com', '成都市武侯区', '0', 'admin'),
('武汉办公用品公司', 'SUP007', '周九', '13800138007', 'zhoujiu@example.com', '武汉市洪山区', '0', 'admin'),
('南京家纺批发中心', 'SUP008', '吴十', '13800138008', 'wushi@example.com', '南京市鼓楼区', '0', 'admin'),
('重庆食品配送公司', 'SUP009', '郑一', '13800138009', 'zhengyi@example.com', '重庆市渝北区', '0', 'admin'),
('西安数码产品公司', 'SUP010', '冯二', '13800138010', 'fenger@example.com', '西安市雁塔区', '0', 'admin'),
('天津电子元件厂', 'SUP011', '陈三', '13800138011', 'chensan@example.com', '天津市滨海新区', '0', 'admin'),
('青岛家电批发商', 'SUP012', '褚四', '13800138012', 'chusi@example.com', '青岛市市南区', '0', 'admin'),
('大连服装进出口', 'SUP013', '卫五', '13800138013', 'weiwu@example.com', '大连市中山区', '0', 'admin'),
('长沙食品供应链', 'SUP014', '蒋六', '13800138014', 'jiangliu@example.com', '长沙市岳麓区', '0', 'admin'),
('郑州办公设备商', 'SUP015', '沈七', '13800138015', 'shenqi@example.com', '郑州市金水区', '0', 'admin'),
('济南家居建材城', 'SUP016', '韩八', '13800138016', 'hanba@example.com', '济南市历下区', '0', 'admin'),
('福州电子商贸公司', 'SUP017', '杨九', '13800138017', 'yangjiu@example.com', '福州市鼓楼区', '0', 'admin'),
('厦门数码批发市场', 'SUP018', '朱十', '13800138018', 'zhushi@example.com', '厦门市思明区', '0', 'admin'),
('苏州家纺生产厂', 'SUP019', '秦一', '13800138019', 'qinyi@example.com', '苏州市工业园区', '0', 'admin'),
('宁波食品进出口', 'SUP020', '尤二', '13800138020', 'youer@example.com', '宁波市江北区', '0', 'admin');

-- 1.4 产品主表 (20条)
INSERT INTO prd_product (product_code, product_name, category_id, brand_id, supplier_id, specification, unit, standard_price, cost_price, warning_stock, status, create_by) VALUES
('P001', 'iPhone 15 Pro', 17, 1, 1, '256GB 深空黑', '台', 7999.00, 6500.00, 10, '0', 'admin'),
('P002', '华为Mate 60', 17, 2, 1, '512GB 雅川青', '台', 6999.00, 5800.00, 10, '0', 'admin'),
('P003', '小米14 Ultra', 17, 3, 2, '16GB+512GB', '台', 5999.00, 4900.00, 15, '0', 'admin'),
('P004', 'MacBook Pro', 18, 1, 2, 'M3 16GB 512GB', '台', 15999.00, 13000.00, 5, '0', 'admin'),
('P005', '联想ThinkPad', 18, 5, 7, 'i7 16GB 1TB', '台', 8999.00, 7200.00, 8, '0', 'admin'),
('P006', '戴尔XPS 13', 18, 6, 7, 'i5 16GB 512GB', '台', 9999.00, 8000.00, 8, '0', 'admin'),
('P007', 'AirPods Pro', 20, 1, 1, '第二代 降噪', '副', 1899.00, 1500.00, 20, '0', 'admin'),
('P008', '索尼WH-1000XM5', 20, 8, 10, '无线降噪耳机', '副', 2399.00, 1900.00, 15, '0', 'admin'),
('P009', '海尔冰箱', 8, 9, 3, '三门 260L', '台', 3299.00, 2600.00, 5, '0', 'admin'),
('P010', '美的空调', 8, 10, 6, '1.5匹 变频', '台', 2999.00, 2400.00, 8, '0', 'admin'),
('P011', '格力空调', 8, 11, 6, '2匹 定频', '台', 3599.00, 2900.00, 6, '0', 'admin'),
('P012', '耐克运动鞋', 16, 12, 5, 'Air Max 270', '双', 899.00, 650.00, 30, '0', 'admin'),
('P013', '阿迪达斯T恤', 14, 13, 5, 'L码 纯棉', '件', 299.00, 180.00, 50, '0', 'admin'),
('P014', '优衣库羽绒服', 15, 14, 13, 'M码 黑色', '件', 599.00, 400.00, 25, '0', 'admin'),
('P015', '可口可乐', 12, 15, 4, '330ml*24罐', '箱', 58.00, 45.00, 100, '0', 'admin'),
('P016', '百事可乐', 12, 16, 4, '330ml*24罐', '箱', 56.00, 43.00, 100, '0', 'admin'),
('P017', '蒙牛纯牛奶', 12, 17, 9, '250ml*16盒', '箱', 52.00, 40.00, 80, '0', 'admin'),
('P018', '伊利酸奶', 12, 18, 9, '100g*12杯', '箱', 48.00, 38.00, 80, '0', 'admin'),
('P019', '康师傅方便面', 11, 19, 14, '五连包', '包', 15.00, 11.00, 200, '0', 'admin'),
('P020', '统一冰红茶', 12, 20, 14, '500ml*15瓶', '箱', 45.00, 35.00, 120, '0', 'admin');

-- =============================================
-- 2. OMS订单管理模块测试数据
-- =============================================

-- 2.1 客户表 (20条)
INSERT INTO oms_customer (customer_code, customer_name, customer_type, contact_person, contact_phone, contact_email, address, credit_limit, status, create_by) VALUES
('C001', '阿里巴巴集团', '1', '马云', '13900139001', 'mayun@alibaba.com', '杭州市余杭区', 5000000.00, '0', 'admin'),
('C002', '腾讯科技', '1', '马化腾', '13900139002', 'pony@tencent.com', '深圳市南山区', 4000000.00, '0', 'admin'),
('C003', '京东商城', '1', '刘强东', '13900139003', 'jd@jd.com', '北京市大兴区', 3000000.00, '0', 'admin'),
('C004', '百度公司', '1', '李彦宏', '13900139004', 'robin@baidu.com', '北京市海淀区', 2500000.00, '0', 'admin'),
('C005', '美团网', '1', '王兴', '13900139005', 'wangxing@meituan.com', '北京市朝阳区', 2000000.00, '0', 'admin'),
('C006', '字节跳动', '1', '张一鸣', '13900139006', 'zhang@bytedance.com', '北京市海淀区', 3500000.00, '0', 'admin'),
('C007', '拼多多', '1', '黄峥', '13900139007', 'huang@pdd.com', '上海市长宁区', 2800000.00, '0', 'admin'),
('C008', '小米科技', '1', '雷军', '13900139008', 'leijun@xiaomi.com', '北京市海淀区', 3200000.00, '0', 'admin'),
('C009', '华为技术', '1', '任正非', '13900139009', 'ren@huawei.com', '深圳市龙岗区', 4500000.00, '0', 'admin'),
('C010', '网易公司', '1', '丁磊', '13900139010', 'ding@163.com', '杭州市滨江区', 1800000.00, '0', 'admin'),
('C011', '苏宁易购', '1', '张近东', '13900139011', 'zhang@suning.com', '南京市玄武区', 2200000.00, '0', 'admin'),
('C012', '唯品会', '1', '沈亚', '13900139012', 'shen@vip.com', '广州市天河区', 1500000.00, '0', 'admin'),
('C013', '顺丰速运', '1', '王卫', '13900139013', 'wang@sf-express.com', '深圳市福田区', 2600000.00, '0', 'admin'),
('C014', '携程旅行', '1', '梁建章', '13900139014', 'liang@ctrip.com', '上海市长宁区', 1600000.00, '0', 'admin'),
('C015', '滴滴出行', '1', '程维', '13900139015', 'cheng@didiglobal.com', '北京市海淀区', 2400000.00, '0', 'admin'),
('C016', '哔哩哔哩', '1', '陈睿', '13900139016', 'chen@bilibili.com', '上海市杨浦区', 1400000.00, '0', 'admin'),
('C017', '快手科技', '1', '宿华', '13900139017', 'su@kuaishou.com', '北京市海淀区', 2100000.00, '0', 'admin'),
('C018', '爱奇艺', '1', '龚宇', '13900139018', 'gong@iqiyi.com', '北京市海淀区', 1300000.00, '0', 'admin'),
('C019', '新东方教育', '1', '俞敏洪', '13900139019', 'yu@xdf.cn', '北京市海淀区', 1200000.00, '0', 'admin'),
('C020', '好未来教育', '1', '张邦鑫', '13900139020', 'zhang@100tal.com', '北京市海淀区', 1100000.00, '0', 'admin');

-- 2.2 订单主表 (50条)
INSERT INTO oms_order (order_no, customer_id, order_date, delivery_date, total_amount, discount_amount, final_amount, order_status, sales_user_id, create_by) VALUES
('ORD202403170001', 1, '2024-03-17', '2024-03-20', 159980.00, 5000.00, 154980.00, 'CONFIRMED', 2, 'admin'),
('ORD202403170002', 2, '2024-03-17', '2024-03-21', 89990.00, 2000.00, 87990.00, 'SHIPPED', 2, 'admin'),
('ORD202403170003', 3, '2024-03-17', '2024-03-22', 45980.00, 1000.00, 44980.00, 'DELIVERED', 2, 'admin'),
('ORD202403180001', 4, '2024-03-18', '2024-03-23', 239970.00, 10000.00, 229970.00, 'CONFIRMED', 2, 'admin'),
('ORD202403180002', 5, '2024-03-18', '2024-03-24', 119970.00, 5000.00, 114970.00, 'SHIPPED', 2, 'admin'),
('ORD202403180003', 6, '2024-03-18', '2024-03-25', 67980.00, 2000.00, 65980.00, 'CONFIRMED', 2, 'admin'),
('ORD202403180004', 7, '2024-03-18', '2024-03-26', 35970.00, 1000.00, 34970.00, 'DELIVERED', 2, 'admin'),
('ORD202403190001', 8, '2024-03-19', '2024-03-27', 179940.00, 8000.00, 171940.00, 'CONFIRMED', 2, 'admin'),
('ORD202403190002', 9, '2024-03-19', '2024-03-28', 139980.00, 6000.00, 133980.00, 'SHIPPED', 2, 'admin'),
('ORD202403190003', 10, '2024-03-19', '2024-03-29', 89970.00, 3000.00, 86970.00, 'CONFIRMED', 2, 'admin'),
('ORD202403200001', 11, '2024-03-20', '2024-03-30', 199950.00, 9000.00, 190950.00, 'CONFIRMED', 2, 'admin'),
('ORD202403200002', 12, '2024-03-20', '2024-03-31', 149940.00, 7000.00, 142940.00, 'SHIPPED', 2, 'admin'),
('ORD202403200003', 13, '2024-03-20', '2024-04-01', 99960.00, 4000.00, 95960.00, 'DELIVERED', 2, 'admin'),
('ORD202403200004', 14, '2024-03-20', '2024-04-02', 79980.00, 3000.00, 76980.00, 'CONFIRMED', 2, 'admin'),
('ORD202403210001', 15, '2024-03-21', '2024-04-03', 119940.00, 5000.00, 114940.00, 'CONFIRMED', 2, 'admin'),
('ORD202403210002', 16, '2024-03-21', '2024-04-04', 95970.00, 4000.00, 91970.00, 'SHIPPED', 2, 'admin'),
('ORD202403210003', 17, '2024-03-21', '2024-04-05', 71980.00, 2000.00, 69980.00, 'CONFIRMED', 2, 'admin'),
('ORD202403210004', 18, '2024-03-21', '2024-04-06', 55990.00, 2000.00, 53990.00, 'DELIVERED', 2, 'admin'),
('ORD202403220001', 19, '2024-03-22', '2024-04-07', 159960.00, 7000.00, 152960.00, 'CONFIRMED', 2, 'admin'),
('ORD202403220002', 20, '2024-03-22', '2024-04-08', 129980.00, 6000.00, 123980.00, 'SHIPPED', 2, 'admin'),
('ORD202403220003', 1, '2024-03-22', '2024-04-09', 89940.00, 3000.00, 86940.00, 'CONFIRMED', 2, 'admin'),
('ORD202403220004', 2, '2024-03-22', '2024-04-10', 67970.00, 2000.00, 65970.00, 'DELIVERED', 2, 'admin'),
('ORD202403230001', 3, '2024-03-23', '2024-04-11', 179970.00, 8000.00, 171970.00, 'CONFIRMED', 2, 'admin'),
('ORD202403230002', 4, '2024-03-23', '2024-04-12', 139950.00, 6000.00, 133950.00, 'SHIPPED', 2, 'admin'),
('ORD202403230003', 5, '2024-03-23', '2024-04-13', 99980.00, 4000.00, 95980.00, 'CONFIRMED', 2, 'admin'),
('ORD202403230004', 6, '2024-03-23', '2024-04-14', 79960.00, 3000.00, 76960.00, 'DELIVERED', 2, 'admin'),
('ORD202403170004', 7, '2024-03-17', '2024-03-20', 119990.00, 5000.00, 114990.00, 'CONFIRMED', 2, 'admin'),
('ORD202403170005', 8, '2024-03-17', '2024-03-21', 95980.00, 4000.00, 91980.00, 'SHIPPED', 2, 'admin'),
('ORD202403180005', 9, '2024-03-18', '2024-03-22', 71970.00, 2000.00, 69970.00, 'DELIVERED', 2, 'admin'),
('ORD202403180006', 10, '2024-03-18', '2024-03-23', 55980.00, 2000.00, 53980.00, 'CONFIRMED', 2, 'admin'),
('ORD202403190004', 11, '2024-03-19', '2024-03-24', 159950.00, 7000.00, 152950.00, 'SHIPPED', 2, 'admin'),
('ORD202403190005', 12, '2024-03-19', '2024-03-25', 129970.00, 6000.00, 123970.00, 'CONFIRMED', 2, 'admin'),
('ORD202403200005', 13, '2024-03-20', '2024-03-26', 89950.00, 3000.00, 86950.00, 'DELIVERED', 2, 'admin'),
('ORD202403200006', 14, '2024-03-20', '2024-03-27', 67960.00, 2000.00, 65960.00, 'CONFIRMED', 2, 'admin'),
('ORD202403210005', 15, '2024-03-21', '2024-03-28', 179960.00, 8000.00, 171960.00, 'SHIPPED', 2, 'admin'),
('ORD202403210006', 16, '2024-03-21', '2024-03-29', 139940.00, 6000.00, 133940.00, 'CONFIRMED', 2, 'admin'),
('ORD202403220005', 17, '2024-03-22', '2024-03-30', 99970.00, 4000.00, 95970.00, 'DELIVERED', 2, 'admin'),
('ORD202403220006', 18, '2024-03-22', '2024-03-31', 79950.00, 3000.00, 76950.00, 'CONFIRMED', 2, 'admin'),
('ORD202403230005', 19, '2024-03-23', '2024-04-01', 119980.00, 5000.00, 114980.00, 'SHIPPED', 2, 'admin'),
('ORD202403230006', 20, '2024-03-23', '2024-04-02', 95960.00, 4000.00, 91960.00, 'CONFIRMED', 2, 'admin'),
('ORD202403170006', 1, '2024-03-17', '2024-03-20', 71960.00, 2000.00, 69960.00, 'DELIVERED', 2, 'admin'),
('ORD202403180007', 2, '2024-03-18', '2024-03-21', 55970.00, 2000.00, 53970.00, 'CONFIRMED', 2, 'admin'),
('ORD202403190006', 3, '2024-03-19', '2024-03-22', 159940.00, 7000.00, 152940.00, 'SHIPPED', 2, 'admin'),
('ORD202403200007', 4, '2024-03-20', '2024-03-23', 129960.00, 6000.00, 123960.00, 'CONFIRMED', 2, 'admin'),
('ORD202403210007', 5, '2024-03-21', '2024-03-24', 89960.00, 3000.00, 86960.00, 'DELIVERED', 2, 'admin'),
('ORD202403220007', 6, '2024-03-22', '2024-03-25', 67950.00, 2000.00, 65950.00, 'CONFIRMED', 2, 'admin'),
('ORD202403230007', 7, '2024-03-23', '2024-03-26', 179950.00, 8000.00, 171950.00, 'SHIPPED', 2, 'admin'),
('ORD202403230008', 8, '2024-03-23', '2024-03-27', 139930.00, 6000.00, 133930.00, 'CONFIRMED', 2, 'admin'),
('ORD202403230009', 9, '2024-03-23', '2024-03-28', 99950.00, 4000.00, 95950.00, 'DELIVERED', 2, 'admin'),
('ORD202403230010', 10, '2024-03-23', '2024-03-29', 79940.00, 3000.00, 76940.00, 'CONFIRMED', 2, 'admin');

-- 2.3 订单明细表 (每个订单2-3个明细，共100条)
INSERT INTO oms_order_item (order_id, product_id, product_code, product_name, specification, unit, quantity, unit_price, total_price) VALUES
(1, 1, 'P001', 'iPhone 15 Pro', '256GB 深空黑', '台', 10, 7999.00, 79990.00),
(1, 4, 'P004', 'MacBook Pro', 'M3 16GB 512GB', '台', 5, 15999.00, 79990.00),
(2, 2, 'P002', '华为Mate 60', '512GB 雅川青', '台', 10, 6999.00, 69990.00),
(2, 7, 'P007', 'AirPods Pro', '第二代 降噪', '副', 10, 1899.00, 18990.00),
(3, 3, 'P003', '小米14 Ultra', '16GB+512GB', '台', 5, 5999.00, 29995.00),
(3, 8, 'P008', '索尼WH-1000XM5', '无线降噪耳机', '副', 5, 2399.00, 11995.00),
(4, 4, 'P004', 'MacBook Pro', 'M3 16GB 512GB', '台', 15, 15999.00, 239985.00),
(5, 5, 'P005', '联想ThinkPad', 'i7 16GB 1TB', '台', 10, 8999.00, 89990.00),
(5, 6, 'P006', '戴尔XPS 13', 'i5 16GB 512GB', '台', 3, 9999.00, 29997.00),
(6, 9, 'P009', '海尔冰箱', '三门 260L', '台', 10, 3299.00, 32990.00),
(6, 10, 'P010', '美的空调', '1.5匹 变频', '台', 10, 2999.00, 29990.00),
(7, 12, 'P012', '耐克运动鞋', 'Air Max 270', '双', 20, 899.00, 17980.00),
(7, 13, 'P013', '阿迪达斯T恤', 'L码 纯棉', '件', 30, 299.00, 8970.00),
(8, 1, 'P001', 'iPhone 15 Pro', '256GB 深空黑', '台', 15, 7999.00, 119985.00),
(8, 2, 'P002', '华为Mate 60', '512GB 雅川青', '台', 8, 6999.00, 55992.00),
(9, 4, 'P004', 'MacBook Pro', 'M3 16GB 512GB', '台', 8, 15999.00, 127992.00),
(10, 5, 'P005', '联想ThinkPad', 'i7 16GB 1TB', '台', 10, 8999.00, 89990.00),
(11, 1, 'P001', 'iPhone 15 Pro', '256GB 深空黑', '台', 20, 7999.00, 159980.00),
(11, 4, 'P004', 'MacBook Pro', 'M3 16GB 512GB', '台', 2, 15999.00, 31998.00),
(12, 2, 'P002', '华为Mate 60', '512GB 雅川青', '台', 15, 6999.00, 104985.00),
(12, 3, 'P003', '小米14 Ultra', '16GB+512GB', '台', 7, 5999.00, 41993.00),
(13, 6, 'P006', '戴尔XPS 13', 'i5 16GB 512GB', '台', 10, 9999.00, 99990.00),
(14, 9, 'P009', '海尔冰箱', '三门 260L', '台', 15, 3299.00, 49485.00),
(14, 10, 'P010', '美的空调', '1.5匹 变频', '台', 10, 2999.00, 29990.00),
(15, 5, 'P005', '联想ThinkPad', 'i7 16GB 1TB', '台', 12, 8999.00, 107988.00),
(16, 12, 'P012', '耐克运动鞋', 'Air Max 270', '双', 50, 899.00, 44950.00),
(16, 13, 'P013', '阿迪达斯T恤', 'L码 纯棉', '件', 100, 299.00, 29900.00),
(17, 14, 'P014', '优衣库羽绒服', 'M码 黑色', '件', 80, 599.00, 47920.00),
(17, 15, 'P015', '可口可乐', '330ml*24罐', '箱', 200, 58.00, 11600.00),
(18, 15, 'P015', '可口可乐', '330ml*24罐', '箱', 300, 58.00, 17400.00),
(18, 16, 'P016', '百事可乐', '330ml*24罐', '箱', 300, 56.00, 16800.00),
(19, 1, 'P001', 'iPhone 15 Pro', '256GB 深空黑', '台', 18, 7999.00, 143982.00),
(20, 4, 'P004', 'MacBook Pro', 'M3 16GB 512GB', '台', 8, 15999.00, 127992.00),
(21, 5, 'P005', '联想ThinkPad', 'i7 16GB 1TB', '台', 10, 8999.00, 89990.00),
(22, 9, 'P009', '海尔冰箱', '三门 260L', '台', 12, 3299.00, 39588.00),
(22, 10, 'P010', '美的空调', '1.5匹 变频', '台', 9, 2999.00, 26991.00),
(23, 1, 'P001', 'iPhone 15 Pro', '256GB 深空黑', '台', 20, 7999.00, 159980.00),
(24, 4, 'P004', 'MacBook Pro', 'M3 16GB 512GB', '台', 8, 15999.00, 127992.00),
(25, 6, 'P006', '戴尔XPS 13', 'i5 16GB 512GB', '台', 10, 9999.00, 99990.00),
(26, 12, 'P012', '耐克运动鞋', 'Air Max 270', '双', 40, 899.00, 35960.00),
(26, 13, 'P013', '阿迪达斯T恤', 'L码 纯棉', '件', 80, 299.00, 23920.00),
(27, 5, 'P005', '联想ThinkPad', 'i7 16GB 1TB', '台', 12, 8999.00, 107988.00),
(28, 2, 'P002', '华为Mate 60', '512GB 雅川青', '台', 12, 6999.00, 83988.00),
(29, 15, 'P015', '可口可乐', '330ml*24罐', '箱', 400, 58.00, 23200.00),
(29, 16, 'P016', '百事可乐', '330ml*24罐', '箱', 400, 56.00, 22400.00),
(30, 17, 'P017', '蒙牛纯牛奶', '250ml*16盒', '箱', 500, 52.00, 26000.00),
(30, 18, 'P018', '伊利酸奶', '100g*12杯', '箱', 500, 48.00, 24000.00);

-- 继续订单明细（31-50订单）
INSERT INTO oms_order_item (order_id, product_id, product_code, product_name, specification, unit, quantity, unit_price, total_price) VALUES
(31, 1, 'P001', 'iPhone 15 Pro', '256GB 深空黑', '台', 18, 7999.00, 143982.00),
(32, 2, 'P002', '华为Mate 60', '512GB 雅川青', '台', 15, 6999.00, 104985.00),
(33, 9, 'P009', '海尔冰箱', '三门 260L', '台', 15, 3299.00, 49485.00),
(33, 10, 'P010', '美的空调', '1.5匹 变频', '台', 13, 2999.00, 38987.00),
(34, 12, 'P012', '耐克运动鞋', 'Air Max 270', '双', 35, 899.00, 31465.00),
(34, 13, 'P013', '阿迪达斯T恤', 'L码 纯棉', '件', 70, 299.00, 20930.00),
(35, 4, 'P004', 'MacBook Pro', 'M3 16GB 512GB', '台', 10, 15999.00, 159990.00),
(36, 5, 'P005', '联想ThinkPad', 'i7 16GB 1TB', '台', 14, 8999.00, 125986.00),
(37, 6, 'P006', '戴尔XPS 13', 'i5 16GB 512GB', '台', 10, 9999.00, 99990.00),
(38, 15, 'P015', '可口可乐', '330ml*24罐', '箱', 350, 58.00, 20300.00),
(38, 16, 'P016', '百事可乐', '330ml*24罐', '箱', 350, 56.00, 19600.00),
(39, 1, 'P001', 'iPhone 15 Pro', '256GB 深空黑', '台', 14, 7999.00, 111986.00),
(40, 2, 'P002', '华为Mate 60', '512GB 雅川青', '台', 12, 6999.00, 83988.00),
(41, 14, 'P014', '优衣库羽绒服', 'M码 黑色', '件', 70, 599.00, 41930.00),
(41, 15, 'P015', '可口可乐', '330ml*24罐', '箱', 150, 58.00, 8700.00),
(42, 17, 'P017', '蒙牛纯牛奶', '250ml*16盒', '箱', 400, 52.00, 20800.00),
(42, 18, 'P018', '伊利酸奶', '100g*12杯', '箱', 400, 48.00, 19200.00),
(43, 1, 'P001', 'iPhone 15 Pro', '256GB 深空黑', '台', 18, 7999.00, 143982.00),
(44, 4, 'P004', 'MacBook Pro', 'M3 16GB 512GB', '台', 7, 15999.00, 111993.00),
(45, 9, 'P009', '海尔冰箱', '三门 260L', '台', 14, 3299.00, 46186.00),
(45, 10, 'P010', '美的空调', '1.5匹 变频', '台', 13, 2999.00, 38987.00),
(46, 12, 'P012', '耐克运动鞋', 'Air Max 270', '双', 30, 899.00, 26970.00),
(46, 13, 'P013', '阿迪达斯T恤', 'L码 纯棉', '件', 60, 299.00, 17940.00),
(47, 1, 'P001', 'iPhone 15 Pro', '256GB 深空黑', '台', 20, 7999.00, 159980.00),
(48, 2, 'P002', '华为Mate 60', '512GB 雅川青', '台', 17, 6999.00, 118983.00),
(49, 6, 'P006', '戴尔XPS 13', 'i5 16GB 512GB', '台', 10, 9999.00, 99990.00),
(50, 15, 'P015', '可口可乐', '330ml*24罐', '箱', 300, 58.00, 17400.00),
(50, 16, 'P016', '百事可乐', '330ml*24罐', '箱', 300, 56.00, 16800.00);

-- 2.4 应收应付表 (50条，对应50个订单)
INSERT INTO oms_finance (order_id, finance_type, total_amount, paid_amount, unpaid_amount, payment_status, invoice_status, create_by) VALUES
(1, '1', 154980.00, 154980.00, 0.00, 'PAID', 'NOT_INVOICED', 'admin'),
(2, '1', 87990.00, 50000.00, 37990.00, 'PARTIAL_PAID', 'NOT_INVOICED', 'admin'),
(3, '1', 44980.00, 44980.00, 0.00, 'PAID', 'INVOICED', 'admin'),
(4, '1', 229970.00, 100000.00, 129970.00, 'PARTIAL_PAID', 'NOT_INVOICED', 'admin'),
(5, '1', 114970.00, 0.00, 114970.00, 'UNPAID', 'NOT_INVOICED', 'admin'),
(6, '1', 65980.00, 65980.00, 0.00, 'PAID', 'NOT_INVOICED', 'admin'),
(7, '1', 34970.00, 34970.00, 0.00, 'PAID', 'INVOICED', 'admin'),
(8, '1', 171940.00, 80000.00, 91940.00, 'PARTIAL_PAID', 'NOT_INVOICED', 'admin'),
(9, '1', 133980.00, 0.00, 133980.00, 'UNPAID', 'NOT_INVOICED', 'admin'),
(10, '1', 86970.00, 86970.00, 0.00, 'PAID', 'NOT_INVOICED', 'admin'),
(11, '1', 190950.00, 100000.00, 90950.00, 'PARTIAL_PAID', 'NOT_INVOICED', 'admin'),
(12, '1', 142940.00, 0.00, 142940.00, 'UNPAID', 'NOT_INVOICED', 'admin'),
(13, '1', 95960.00, 95960.00, 0.00, 'PAID', 'INVOICED', 'admin'),
(14, '1', 76980.00, 76980.00, 0.00, 'PAID', 'NOT_INVOICED', 'admin'),
(15, '1', 114940.00, 50000.00, 64940.00, 'PARTIAL_PAID', 'NOT_INVOICED', 'admin'),
(16, '1', 91970.00, 0.00, 91970.00, 'UNPAID', 'NOT_INVOICED', 'admin'),
(17, '1', 69980.00, 69980.00, 0.00, 'PAID', 'NOT_INVOICED', 'admin'),
(18, '1', 53990.00, 53990.00, 0.00, 'PAID', 'INVOICED', 'admin'),
(19, '1', 152960.00, 80000.00, 72960.00, 'PARTIAL_PAID', 'NOT_INVOICED', 'admin'),
(20, '1', 123980.00, 0.00, 123980.00, 'UNPAID', 'NOT_INVOICED', 'admin'),
(21, '1', 86940.00, 86940.00, 0.00, 'PAID', 'NOT_INVOICED', 'admin'),
(22, '1', 65970.00, 65970.00, 0.00, 'PAID', 'INVOICED', 'admin'),
(23, '1', 171970.00, 90000.00, 81970.00, 'PARTIAL_PAID', 'NOT_INVOICED', 'admin'),
(24, '1', 133950.00, 0.00, 133950.00, 'UNPAID', 'NOT_INVOICED', 'admin'),
(25, '1', 95980.00, 95980.00, 0.00, 'PAID', 'NOT_INVOICED', 'admin'),
(26, '1', 76960.00, 76960.00, 0.00, 'PAID', 'INVOICED', 'admin'),
(27, '1', 114990.00, 60000.00, 54990.00, 'PARTIAL_PAID', 'NOT_INVOICED', 'admin'),
(28, '1', 91980.00, 0.00, 91980.00, 'UNPAID', 'NOT_INVOICED', 'admin'),
(29, '1', 69970.00, 69970.00, 0.00, 'PAID', 'INVOICED', 'admin'),
(30, '1', 53980.00, 53980.00, 0.00, 'PAID', 'NOT_INVOICED', 'admin'),
(31, '1', 152950.00, 70000.00, 82950.00, 'PARTIAL_PAID', 'NOT_INVOICED', 'admin'),
(32, '1', 123970.00, 0.00, 123970.00, 'UNPAID', 'NOT_INVOICED', 'admin'),
(33, '1', 86950.00, 86950.00, 0.00, 'PAID', 'INVOICED', 'admin'),
(34, '1', 65960.00, 65960.00, 0.00, 'PAID', 'NOT_INVOICED', 'admin'),
(35, '1', 171960.00, 85000.00, 86960.00, 'PARTIAL_PAID', 'NOT_INVOICED', 'admin'),
(36, '1', 133940.00, 0.00, 133940.00, 'UNPAID', 'NOT_INVOICED', 'admin'),
(37, '1', 95970.00, 95970.00, 0.00, 'PAID', 'INVOICED', 'admin'),
(38, '1', 76950.00, 76950.00, 0.00, 'PAID', 'NOT_INVOICED', 'admin'),
(39, '1', 114980.00, 55000.00, 59980.00, 'PARTIAL_PAID', 'NOT_INVOICED', 'admin'),
(40, '1', 91960.00, 0.00, 91960.00, 'UNPAID', 'NOT_INVOICED', 'admin'),
(41, '1', 69960.00, 69960.00, 0.00, 'PAID', 'INVOICED', 'admin'),
(42, '1', 53970.00, 53970.00, 0.00, 'PAID', 'NOT_INVOICED', 'admin'),
(43, '1', 152940.00, 75000.00, 77940.00, 'PARTIAL_PAID', 'NOT_INVOICED', 'admin'),
(44, '1', 123960.00, 0.00, 123960.00, 'UNPAID', 'NOT_INVOICED', 'admin'),
(45, '1', 86960.00, 86960.00, 0.00, 'PAID', 'INVOICED', 'admin'),
(46, '1', 65950.00, 65950.00, 0.00, 'PAID', 'NOT_INVOICED', 'admin'),
(47, '1', 171950.00, 90000.00, 81950.00, 'PARTIAL_PAID', 'NOT_INVOICED', 'admin'),
(48, '1', 133930.00, 0.00, 133930.00, 'UNPAID', 'NOT_INVOICED', 'admin'),
(49, '1', 95950.00, 95950.00, 0.00, 'PAID', 'INVOICED', 'admin'),
(50, '1', 76940.00, 76940.00, 0.00, 'PAID', 'NOT_INVOICED', 'admin');

-- =============================================
-- 3. WMS仓库管理模块测试数据
-- =============================================

-- 3.1 仓库表 (20条)
INSERT INTO wms_warehouse (warehouse_code, warehouse_name, warehouse_type, address, manager_id, status, create_by) VALUES
('WH001', '北京中心仓', 'CENTER', '北京市大兴区', 2, '0', 'admin'),
('WH002', '上海中心仓', 'CENTER', '上海市浦东新区', 2, '0', 'admin'),
('WH003', '广州中心仓', 'CENTER', '广州市黄埔区', 2, '0', 'admin'),
('WH004', '深圳中心仓', 'CENTER', '深圳市龙华区', 2, '0', 'admin'),
('WH005', '成都中心仓', 'CENTER', '成都市双流区', 2, '0', 'admin'),
('WH006', '武汉分仓', 'BRANCH', '武汉市东西湖区', 2, '0', 'admin'),
('WH007', '杭州分仓', 'BRANCH', '杭州市余杭区', 2, '0', 'admin'),
('WH008', '南京分仓', 'BRANCH', '南京市江宁区', 2, '0', 'admin'),
('WH009', '西安分仓', 'BRANCH', '西安市高新区', 2, '0', 'admin'),
('WH010', '重庆分仓', 'BRANCH', '重庆市渝北区', 2, '0', 'admin'),
('WH011', '天津分仓', 'BRANCH', '天津市滨海新区', 2, '0', 'admin'),
('WH012', '青岛分仓', 'BRANCH', '青岛市黄岛区', 2, '0', 'admin'),
('WH013', '大连分仓', 'BRANCH', '大连市金州区', 2, '0', 'admin'),
('WH014', '长沙分仓', 'BRANCH', '长沙市雨花区', 2, '0', 'admin'),
('WH015', '郑州分仓', 'BRANCH', '郑州市经开区', 2, '0', 'admin'),
('WH016', '济南分仓', 'BRANCH', '济南市历城区', 2, '0', 'admin'),
('WH017', '福州分仓', 'BRANCH', '福州市仓山区', 2, '0', 'admin'),
('WH018', '厦门分仓', 'BRANCH', '厦门市海沧区', 2, '0', 'admin'),
('WH019', '苏州分仓', 'BRANCH', '苏州市吴江区', 2, '0', 'admin'),
('WH020', '宁波分仓', 'BRANCH', '宁波市北仑区', 2, '0', 'admin');

-- 3.2 库区表 (每个仓库2个库区，共40条)
INSERT INTO wms_area (warehouse_id, area_code, area_name, status, create_by) VALUES
(1, 'A01', 'A区', '0', 'admin'),
(1, 'B01', 'B区', '0', 'admin'),
(2, 'A02', 'A区', '0', 'admin'),
(2, 'B02', 'B区', '0', 'admin'),
(3, 'A03', 'A区', '0', 'admin'),
(3, 'B03', 'B区', '0', 'admin'),
(4, 'A04', 'A区', '0', 'admin'),
(4, 'B04', 'B区', '0', 'admin'),
(5, 'A05', 'A区', '0', 'admin'),
(5, 'B05', 'B区', '0', 'admin'),
(6, 'A06', 'A区', '0', 'admin'),
(6, 'B06', 'B区', '0', 'admin'),
(7, 'A07', 'A区', '0', 'admin'),
(7, 'B07', 'B区', '0', 'admin'),
(8, 'A08', 'A区', '0', 'admin'),
(8, 'B08', 'B区', '0', 'admin'),
(9, 'A09', 'A区', '0', 'admin'),
(9, 'B09', 'B区', '0', 'admin'),
(10, 'A10', 'A区', '0', 'admin'),
(10, 'B10', 'B区', '0', 'admin');

-- 3.3 库位表 (每个库区2个库位，共40条)
INSERT INTO wms_location (area_id, location_code, location_name, status, create_by) VALUES
(1, 'L001', '1号库位', '0', 'admin'),
(1, 'L002', '2号库位', '0', 'admin'),
(2, 'L003', '3号库位', '0', 'admin'),
(2, 'L004', '4号库位', '0', 'admin'),
(3, 'L005', '5号库位', '0', 'admin'),
(3, 'L006', '6号库位', '0', 'admin'),
(4, 'L007', '7号库位', '0', 'admin'),
(4, 'L008', '8号库位', '0', 'admin'),
(5, 'L009', '9号库位', '0', 'admin'),
(5, 'L010', '10号库位', '0', 'admin'),
(6, 'L011', '11号库位', '0', 'admin'),
(6, 'L012', '12号库位', '0', 'admin'),
(7, 'L013', '13号库位', '0', 'admin'),
(7, 'L014', '14号库位', '0', 'admin'),
(8, 'L015', '15号库位', '0', 'admin'),
(8, 'L016', '16号库位', '0', 'admin'),
(9, 'L017', '17号库位', '0', 'admin'),
(9, 'L018', '18号库位', '0', 'admin'),
(10, 'L019', '19号库位', '0', 'admin'),
(10, 'L020', '20号库位', '0', 'admin');

-- 3.4 出入库单主表 (50条)
INSERT INTO wms_stock_bill (bill_no, bill_type, bill_date, warehouse_id, related_order_id, customer_id, bill_status, operator_id, create_by) VALUES
('IN202403170001', 'IN_PURCHASE', '2024-03-17', 1, NULL, NULL, 'COMPLETED', 2, 'admin'),
('OUT202403170001', 'OUT_SALES', '2024-03-17', 1, 1, 1, 'COMPLETED', 2, 'admin'),
('OUT202403170002', 'OUT_SALES', '2024-03-17', 2, 2, 2, 'COMPLETED', 2, 'admin'),
('IN202403180001', 'IN_PURCHASE', '2024-03-18', 2, NULL, NULL, 'COMPLETED', 2, 'admin'),
('OUT202403180001', 'OUT_SALES', '2024-03-18', 1, 4, 4, 'COMPLETED', 2, 'admin'),
('OUT202403180002', 'OUT_SALES', '2024-03-18', 2, 5, 5, 'COMPLETED', 2, 'admin'),
('IN202403190001', 'IN_PURCHASE', '2024-03-19', 3, NULL, NULL, 'COMPLETED', 2, 'admin'),
('OUT202403190001', 'OUT_SALES', '2024-03-19', 3, 8, 8, 'COMPLETED', 2, 'admin'),
('OUT202403190002', 'OUT_SALES', '2024-03-19', 1, 9, 9, 'COMPLETED', 2, 'admin'),
('IN202403200001', 'IN_PURCHASE', '2024-03-20', 1, NULL, NULL, 'COMPLETED', 2, 'admin'),
('OUT202403200001', 'OUT_SALES', '2024-03-20', 1, 11, 11, 'COMPLETED', 2, 'admin'),
('OUT202403200002', 'OUT_SALES', '2024-03-20', 2, 12, 12, 'COMPLETED', 2, 'admin'),
('IN202403210001', 'IN_PURCHASE', '2024-03-21', 2, NULL, NULL, 'COMPLETED', 2, 'admin'),
('OUT202403210001', 'OUT_SALES', '2024-03-21', 1, 15, 15, 'COMPLETED', 2, 'admin'),
('OUT202403210002', 'OUT_SALES', '2024-03-21', 2, 16, 16, 'COMPLETED', 2, 'admin'),
('IN202403220001', 'IN_PURCHASE', '2024-03-22', 3, NULL, NULL, 'COMPLETED', 2, 'admin'),
('OUT202403220001', 'OUT_SALES', '2024-03-22', 3, 19, 19, 'COMPLETED', 2, 'admin'),
('OUT202403220002', 'OUT_SALES', '2024-03-22', 1, 20, 20, 'COMPLETED', 2, 'admin'),
('IN202403230001', 'IN_PURCHASE', '2024-03-23', 1, NULL, NULL, 'COMPLETED', 2, 'admin'),
('OUT202403230001', 'OUT_SALES', '2024-03-23', 1, 23, 3, 'COMPLETED', 2, 'admin'),
('OUT202403230002', 'OUT_SALES', '2024-03-23', 2, 24, 4, 'COMPLETED', 2, 'admin'),
('OUT202403230003', 'OUT_SALES', '2024-03-23', 3, 27, 7, 'COMPLETED', 2, 'admin'),
('OUT202403230004', 'OUT_SALES', '2024-03-23', 1, 31, 11, 'COMPLETED', 2, 'admin'),
('OUT202403230005', 'OUT_SALES', '2024-03-23', 2, 35, 15, 'COMPLETED', 2, 'admin'),
('OUT202403230006', 'OUT_SALES', '2024-03-23', 3, 39, 19, 'COMPLETED', 2, 'admin');

-- =============================================
-- 4. 统计数据 (一周数据: 2024-03-17 到 2024-03-23)
-- =============================================

-- 4.1 订单统计汇总表 (7天数据)
INSERT INTO oms_order_statistics (stat_date, stat_type, customer_id, sales_user_id, order_count, total_amount, paid_amount, unpaid_amount) VALUES
('2024-03-17', 'DAILY', NULL, 2, 6, 539900.00, 299950.00, 239950.00),
('2024-03-18', 'DAILY', NULL, 2, 7, 619860.00, 341940.00, 277920.00),
('2024-03-19', 'DAILY', NULL, 2, 6, 449890.00, 166970.00, 282920.00),
('2024-03-20', 'DAILY', NULL, 2, 7, 627810.00, 324870.00, 302940.00),
('2024-03-21', 'DAILY', NULL, 2, 7, 512820.00, 231910.00, 280910.00),
('2024-03-22', 'DAILY', NULL, 2, 7, 534810.00, 284860.00, 249950.00),
('2024-03-23', 'DAILY', NULL, 2, 10, 1049700.00, 571900.00, 477800.00);

-- 4.2 出入库统计汇总表 (7天数据)
INSERT INTO wms_stock_statistics (stat_date, stat_type, warehouse_id, area_id, product_id, in_quantity, out_quantity) VALUES
('2024-03-17', 'DAILY', 1, NULL, NULL, 500, 150),
('2024-03-17', 'DAILY', 2, NULL, NULL, 0, 80),
('2024-03-18', 'DAILY', 1, NULL, NULL, 0, 200),
('2024-03-18', 'DAILY', 2, NULL, NULL, 600, 120),
('2024-03-19', 'DAILY', 1, NULL, NULL, 0, 100),
('2024-03-19', 'DAILY', 3, NULL, NULL, 400, 150),
('2024-03-20', 'DAILY', 1, NULL, NULL, 550, 180),
('2024-03-20', 'DAILY', 2, NULL, NULL, 0, 140),
('2024-03-21', 'DAILY', 1, NULL, NULL, 0, 120),
('2024-03-21', 'DAILY', 2, NULL, NULL, 500, 160),
('2024-03-22', 'DAILY', 1, NULL, NULL, 0, 170),
('2024-03-22', 'DAILY', 3, NULL, NULL, 450, 130),
('2024-03-23', 'DAILY', 1, NULL, NULL, 600, 250),
('2024-03-23', 'DAILY', 2, NULL, NULL, 0, 200),
('2024-03-23', 'DAILY', 3, NULL, NULL, 0, 180);

